Title,Genre,Age Rating,Content Type,Duration(min),Origin Country,Main Cast,Audio,IMDB rate,Seasons,Release Year,,,
Lucifer: Season 5: Daniel Espinoza: Naked and Afraid,"Crime, Fantasy",16+,TV Show,43,United States,"Tom Ellis , Lauren German ,Kevin Alejandro, D.B. Woodside , Lesley-Ann Brandt",English,8.1,6,2016,,,
Lucifer: Season 5: Resting Devil Face,"Crime, Fantasy",16+,TV Show,43,United States,"Tom Ellis , Lauren German ,Kevin Alejandro, D.B. Woodside , Lesley-Ann Brandt",English,8.1,6,2016,,,
Lucifer: Season 5: Bloody Celestial Karaoke Jam,"Crime, Fantasy",16+,TV Show,43,United States,"Tom Ellis , Lauren German ,Kevin Alejandro, D.B. Woodside , Lesley-Ann Brandt",English,8.1,6,2016,,,
Lucifer: Season 5: Family Dinner,"Crime, Fantasy",16+,TV Show,43,United States,"Tom Ellis , Lauren German ,Kevin Alejandro, D.B. Woodside , Lesley-Ann Brandt",English,8.1,6,2016,,,
Extraction 2,Action,18+,Movie,123,United States,"Chris Hemsworth , Golshifteh Farahani ,  Adam Bessa, Tornike Gogrichiani, Demetre Kavelashvili",English,7.1,2,2023,,,
Friends: Season 2: The One Where Joey Moves Out,Comedy,13+,TV Show,22,United States,"Jennifer Aniston, Courtney Cox, Lisa Kudrow, Matthew Perry, Matt Le Blanc, David Schwimmer",English,8.9,10,1994,,,
Friends: Season 10: The One with Ross's Grant,Comedy,13+,TV Show,22,United States,"Jennifer Aniston, Courtney Cox, Lisa Kudrow, Matthew Perry, Matt Le Blanc, David Schwimmer",English,8.9,10,1994,,,
See You in My 19th Life: The Inability to Forget About the One You Long For,Romance,13+,TV Show,60,South Korea,"Shin Hye-sun, Ahn Bo-hyun, Ha Yoon-kyung, and Ahn Dong-goo.",Korean,8.8,1,2023,,,
See You in My 19th Life: Am I the Butterfly or Is the Butterfly Me?,Romance,13+,TV Show,60,South Korea,"Shin Hye-sun, Ahn Bo-hyun, Ha Yoon-kyung, and Ahn Dong-goo.",Korean,8.8,1,2023,,,
See You in My 19th Life: The Agony of Parting With the One You Love,Romance,13+,TV Show,60,South Korea,"Shin Hye-sun, Ahn Bo-hyun, Ha Yoon-kyung, and Ahn Dong-goo.",Korean,8.8,1,2023,,,
See You in My 19th Life: The Will to Finish What You've Started,Romance,13+,TV Show,60,South Korea,"Shin Hye-sun, Ahn Bo-hyun, Ha Yoon-kyung, and Ahn Dong-goo.",Korean,8.8,1,2023,,,
"See You in My 19th Life: Happiness, Sadness, Pity, and Joy",Romance,13+,TV Show,60,South Korea,"Shin Hye-sun, Ahn Bo-hyun, Ha Yoon-kyung, and Ahn Dong-goo.",Korean,8.8,1,2023,,,
Friends: Season 9: The One Where Monica Sings,Comedy,13+,TV Show,22,United States,"Jennifer Aniston, Courtney Cox, Lisa Kudrow, Matthew Perry, Matt Le Blanc, David Schwimmer",English,8.9,10,1994,,,
Friends: Season 2: The One Where Ross and Rachel...You Know,Comedy,13+,TV Show,22,United States,"Jennifer Aniston, Courtney Cox, Lisa Kudrow, Matthew Perry, Matt Le Blanc, David Schwimmer",English,8.9,10,1994,,,
Friends: Season 6: The One Where Ross Got High,Comedy,13+,TV Show,22,United States,"Jennifer Aniston, Courtney Cox, Lisa Kudrow, Matthew Perry, Matt Le Blanc, David Schwimmer",English,8.9,10,1994,,,
Friends: Season 8: The One with the Birthing Video,Comedy,13+,TV Show,22,United States,"Jennifer Aniston, Courtney Cox, Lisa Kudrow, Matthew Perry, Matt Le Blanc, David Schwimmer",English,8.9,10,1994,,,
"Social Currency: Real Karo, Feel Karo",Reality,16+,TV Show,44,India,"Rowhi Rai, Sakshi Chopra, Parth Samthaan",Hindi,4.5,,2023,,,
Social Currency: Unbox me,Reality,16+,TV Show,44,India,"Rowhi Rai, Sakshi Chopra, Parth Samthaan",Hindi,4.5,,2023,,,
Friends: Season 7: The One with Rachel's Assistant,Comedy,,TV Show,22,United States,"Jennifer Aniston, Courtney Cox, Lisa Kudrow, Matthew Perry, Matt Le Blanc, David Schwimmer",English,8.9,10,1994,,,
Friends: Season 7: The One with Phoebe's Cookies,Comedy,,TV Show,22,United States,"Jennifer Aniston, Courtney Cox, Lisa Kudrow, Matthew Perry, Matt Le Blanc, David Schwimmer",English,8.9,10,1994,,,
Friends: Season 7: The One with Rachel's Book,Comedy,,TV Show,22,United States,"Jennifer Aniston, Courtney Cox, Lisa Kudrow, Matthew Perry, Matt Le Blanc, David Schwimmer",English,8.9,10,1994,,,
Friends: Season 4: The One with the Free Porn,Comedy,,TV Show,22,United States,"Jennifer Aniston, Courtney Cox, Lisa Kudrow, Matthew Perry, Matt Le Blanc, David Schwimmer",English,8.9,10,1994,,,
Friends: Season 6: The One Where Ross Hugs Rachel,Comedy,,TV Show,22,United States,"Jennifer Aniston, Courtney Cox, Lisa Kudrow, Matthew Perry, Matt Le Blanc, David Schwimmer",English,8.9,10,1994,,,
Friends: Season 6: The One After Vegas,Comedy,,TV Show,22,United States,"Jennifer Aniston, Courtney Cox, Lisa Kudrow, Matthew Perry, Matt Le Blanc, David Schwimmer",English,8.9,10,1994,,,
Friends: Season 5: The One in Vegas: Part 2,Comedy,,TV Show,22,United States,"Jennifer Aniston, Courtney Cox, Lisa Kudrow, Matthew Perry, Matt Le Blanc, David Schwimmer",English,8.9,10,1994,,,
Friends: Season 5: The One in Vegas: Part 1,Comedy,13+,TV Show,22,United States,"Jennifer Aniston, Courtney Cox, Lisa Kudrow, Matthew Perry, Matt Le Blanc, David Schwimmer",English,8.9,10,1994,,,
Tu Jhoothi Main Makkaar,Drama,13+,Movie,159,India,"Ranbir Kapoor, Shradhha Kapoor, Anubhav S. Bassi",Hindi,6.1,,2023,,,
Mismatched: Season 2,Romance,16+,TV Show,32,India,"Prajakta Kohli, Rohit Saraf, Vihaan Samat, Taaruk Raina",Hindi,5.9,2,2020,,,
Mismatched: Season 2,Romance,16+,TV Show,32,India,"Prajakta Kohli, Rohit Saraf, Vihaan Samat, Taaruk Raina",Hindi,5.9,2,2020,,,
Mismatched: Season 2,Romance,16+,TV Show,32,India,"Prajakta Kohli, Rohit Saraf, Vihaan Samat, Taaruk Raina",Hindi,5.9,2,2020,,,
Mismatched: Season 2,Romance,16+,TV Show,32,India,"Prajakta Kohli, Rohit Saraf, Vihaan Samat, Taaruk Raina",Hindi,5.9,2,2020,,,
Mismatched: Season 2,Romance,16+,TV Show,32,India,"Prajakta Kohli, Rohit Saraf, Vihaan Samat, Taaruk Raina",Hindi,5.9,2,2020,,,
Mismatched: Season 2,Romance,16+,TV Show,32,India,"Prajakta Kohli, Rohit Saraf, Vihaan Samat, Taaruk Raina",Hindi,5.9,2,2020,,,
Mismatched: Season 2,Romance,16+,TV Show,32,India,"Prajakta Kohli, Rohit Saraf, Vihaan Samat, Taaruk Raina",Hindi,5.9,2,2020,,,
Mismatched: Season 2,Romance,16+,TV Show,32,India,"Prajakta Kohli, Rohit Saraf, Vihaan Samat, Taaruk Raina",Hindi,5.9,2,2020,,,
Friends: Season 9: The One with the Sharks,Comedy,13+,TV Show,22,United States,"Jennifer Aniston, Courtney Cox, Lisa Kudrow, Matthew Perry, Matt Le Blanc, David Schwimmer",English,8.9,10,1994,,,
Ye Jawaani Hai Deewani,Dramedy,13+,Movie,160,India,"Ranbir Kapoor, Deepika Padukone, Aditya Roy Kapoor, Kalki Koechlin",Hindi,7.2,,2013,,,
The Good Bad Mother: Episode 14,"Revenge, Emotional",18+,TV Show,82,South Korea,"Ra Mi-ran, Lee Do-hyun and Ahn Eun-jin.",Korean,8.4,1,2023,,,
The Good Bad Mother: Episode 13,"Revenge, Emotional",18+,TV Show,82,South Korea,"Ra Mi-ran, Lee Do-hyun and Ahn Eun-jin.",Korean,8.4,1,2023,,,
The Good Bad Mother: Episode 12,"Revenge, Emotional",18+,TV Show,82,South Korea,"Ra Mi-ran, Lee Do-hyun and Ahn Eun-jin.",Korean,8.4,1,2023,,,
The Good Bad Mother: Episode 11,"Revenge, Emotional",18+,TV Show,82,South Korea,"Ra Mi-ran, Lee Do-hyun and Ahn Eun-jin.",Korean,8.4,1,2023,,,
The Vampire Diaries: Season 1,"Suspense, Fantasy",18+,TV Show,44,United States,"Nina Dobrev, Paul Wesley , Ian Somerhalder , Kat Graham, Candice King ",English,7.7,8,2009,,,
The Vampire Diaries: Season 1,"Suspense, Fantasy",18+,TV Show,44,United States,"Nina Dobrev, Paul Wesley , Ian Somerhalder , Kat Graham, Candice King ",English,7.7,8,2009,,,
The Vampire Diaries: Season 1,"Suspense, Fantasy",18+,TV Show,44,United States,"Nina Dobrev, Paul Wesley , Ian Somerhalder , Kat Graham, Candice King ",English,7.7,8,2009,,,
The Vampire Diaries: Season 1,"Suspense, Fantasy",18+,TV Show,44,United States,"Nina Dobrev, Paul Wesley , Ian Somerhalder , Kat Graham, Candice King ",English,7.7,8,2009,,,
The Vampire Diaries: Season 1,"Suspense, Fantasy",18+,TV Show,44,United States,"Nina Dobrev, Paul Wesley , Ian Somerhalder , Kat Graham, Candice King ",English,7.7,8,2009,,,
The Vampire Diaries: Season 1,"Suspense, Fantasy",18+,TV Show,44,United States,"Nina Dobrev, Paul Wesley , Ian Somerhalder , Kat Graham, Candice King ",English,7.7,8,2009,,,
The Vampire Diaries: Season 1,"Suspense, Fantasy",18+,TV Show,44,United States,"Nina Dobrev, Paul Wesley , Ian Somerhalder , Kat Graham, Candice King ",English,7.7,8,2009,,,
The Good Bad Mother: Episode 10,"Revenge, Emotional",18+,TV Show,82,South Korea,"Ra Mi-ran, Lee Do-hyun and Ahn Eun-jin.",Korean,8.4,1,2023,,,
The Good Bad Mother: Episode 9,"Revenge, Emotional",18+,TV Show,82,South Korea,"Ra Mi-ran, Lee Do-hyun and Ahn Eun-jin.",Korean,8.4,1,2023,,,
The Good Bad Mother: Episode 8,"Revenge, Emotional",18+,TV Show,82,South Korea,"Ra Mi-ran, Lee Do-hyun and Ahn Eun-jin.",Korean,8.4,1,2023,,,
The Good Bad Mother: Episode 7,"Revenge, Emotional",18+,TV Show,82,South Korea,"Ra Mi-ran, Lee Do-hyun and Ahn Eun-jin.",Korean,8.4,1,2023,,,
The Good Bad Mother: Episode 6,"Revenge, Emotional",18+,TV Show,82,South Korea,"Ra Mi-ran, Lee Do-hyun and Ahn Eun-jin.",Korean,8.4,1,2023,,,
The Good Bad Mother: Episode 2,"Revenge, Emotional",18+,TV Show,82,South Korea,"Ra Mi-ran, Lee Do-hyun and Ahn Eun-jin.",Korean,8.4,1,2023,,,
The Good Bad Mother: Episode 3,"Revenge, Emotional",18+,TV Show,82,South Korea,"Ra Mi-ran, Lee Do-hyun and Ahn Eun-jin.",Korean,8.4,1,2023,,,
The Good Bad Mother: Episode 4,"Revenge, Emotional",18+,TV Show,82,South Korea,"Ra Mi-ran, Lee Do-hyun and Ahn Eun-jin.",Korean,8.4,1,2023,,,
The Good Bad Mother: Episode 5,"Revenge, Emotional",18+,TV Show,82,South Korea,"Ra Mi-ran, Lee Do-hyun and Ahn Eun-jin.",Korean,8.4,1,2023,,,
Valeria: Season 3: Getting Old,Drama,18+,TV Show,61,Spain," Diana Gómez , Silma López,  Paula Malia, Teresa Riott",Spanish,6.6,3,2020,,,
Valeria: Season 3: The Word,Drama,18+,TV Show,61,Spain," Diana Gómez , Silma López,  Paula Malia, Teresa Riott",Spanish,6.6,3,2020,,,
Valeria: Season 3: Taste You,Drama,18+,TV Show,61,Spain," Diana Gómez , Silma López,  Paula Malia, Teresa Riott",Spanish,6.6,3,2020,,,
Friends: Season 8: The One with the Baby Shower,Comedy,13+,TV Show,22,United States,"Jennifer Aniston, Courtney Cox, Lisa Kudrow, Matthew Perry, Matt Le Blanc, David Schwimmer",English,8.9,10,1994,,,
Friends: Season 7: The One with the Nap Partners,Comedy,13+,TV Show,22,United States,"Jennifer Aniston, Courtney Cox, Lisa Kudrow, Matthew Perry, Matt Le Blanc, David Schwimmer",English,8.9,10,1994,,,
Never Have I Ever: Season 4: ...said goodbye,Teen-drama,13+,TV Show,25,United States,"Maitreyi Ramakrishnan, Poorna Jagannathan, Darren Barnet, Richa Moorjani, Jaren Lewison",English,7.9,4,2020,,,
Never Have I Ever: Season 4: ...gone to prom,Teen-drama,13+,TV Show,25,United States,"Maitreyi Ramakrishnan, Poorna Jagannathan, Darren Barnet, Richa Moorjani, Jaren Lewison",,7.9,4,2020,,,
Never Have I Ever: Season 4: ...set my mom up,Teen-drama,13+,TV Show,25,United States,"Maitreyi Ramakrishnan, Poorna Jagannathan, Darren Barnet, Richa Moorjani, Jaren Lewison",,7.9,4,2020,,,
Never Have I Ever: Season 4: ...had an identity crisis,Teen-drama,13+,TV Show,25,United States,"Maitreyi Ramakrishnan, Poorna Jagannathan, Darren Barnet, Richa Moorjani, Jaren Lewison",,7.9,4,2020,,,
Never Have I Ever: Season 4: ...had my dream stolen,Teen-drama,13+,TV Show,25,United States,"Maitreyi Ramakrishnan, Poorna Jagannathan, Darren Barnet, Richa Moorjani, Jaren Lewison",,7.9,4,2020,,,
Never Have I Ever: Season 4: ...been to New Jersey,Teen-drama,13+,TV Show,25,United States,"Maitreyi Ramakrishnan, Poorna Jagannathan, Darren Barnet, Richa Moorjani, Jaren Lewison",,7.9,4,2020,,,
Never Have I Ever: Season 4: ...wrecked my future,Teen-drama,13+,TV Show,25,United States,"Maitreyi Ramakrishnan, Poorna Jagannathan, Darren Barnet, Richa Moorjani, Jaren Lewison",,7.9,4,2020,,,
Never Have I Ever: Season 4: ...liked a bad boy,Teen-drama,13+,TV Show,25,United States,"Maitreyi Ramakrishnan, Poorna Jagannathan, Darren Barnet, Richa Moorjani, Jaren Lewison",,7.9,4,2020,,,
Never Have I Ever: Season 4: ...gotten sweet revenge,Teen-drama,13+,TV Show,25,United States,"Maitreyi Ramakrishnan, Poorna Jagannathan, Darren Barnet, Richa Moorjani, Jaren Lewison",English,7.9,4,2020,,,
Never Have I Ever: Season 4: ...lost my virginity,Teen-drama,13+,TV Show,25,United States,"Maitreyi Ramakrishnan, Poorna Jagannathan, Darren Barnet, Richa Moorjani, Jaren Lewison",English,7.9,4,2020,,,
Valeria: Season 3: I Was There,Drama,18+,TV Show,61,Spain," Diana Gómez , Silma López,  Paula Malia, Teresa Riott",Spanish,6.6,3,2020,,,
Valeria: Season 3: The End,Drama,18+,TV Show,61,Spain," Diana Gómez , Silma López,  Paula Malia, Teresa Riott",Spanish,6.6,3,2020,,,
Valeria: Season 3: Balance,Drama,18+,TV Show,61,Spain," Diana Gómez , Silma López,  Paula Malia, Teresa Riott",Spanish,6.6,3,2020,,,
Valeria: Season 3: The Bachelorette Party,Drama,18+,TV Show,61,Spain," Diana Gómez , Silma López,  Paula Malia, Teresa Riott",Spanish,6.6,3,2020,,,
Valeria: Season 2: Reflection,Drama,18+,TV Show,61,Spain," Diana Gómez , Silma López,  Paula Malia, Teresa Riott",Spanish,6.6,3,2020,,,
Valeria: Season 2: Stop Running,Drama,18+,TV Show,61,Spain," Diana Gómez , Silma López,  Paula Malia, Teresa Riott",Spanish,6.6,3,2020,,,
Valeria: Season 1: The Impostor,Drama,18+,TV Show,61,Spain," Diana Gómez , Silma López,  Paula Malia, Teresa Riott",Spanish,6.6,3,2020,,,
Friends: Season 3: The One with the Jam,Comedy,13+,TV Show,22,United States,"Jennifer Aniston, Courtney Cox, Lisa Kudrow, Matthew Perry, Matt Le Blanc, David Schwimmer",English,8.9,10,1994,,,
Friends: Season 2: The One with Ross's New Girlfriend,Comedy,13+,TV Show,22,United States,"Jennifer Aniston, Courtney Cox, Lisa Kudrow, Matthew Perry, Matt Le Blanc, David Schwimmer",English,8.9,10,1994,,,
Friends: Season 4: The One with Chandler in a Box,Comedy,13+,TV Show,22,United States,"Jennifer Aniston, Courtney Cox, Lisa Kudrow, Matthew Perry, Matt Le Blanc, David Schwimmer",English,8.9,10,1994,,,
Friends: Season 5: The One with Rachel's Inadvertent Kiss,Comedy,13+,TV Show,22,United States,"Jennifer Aniston, Courtney Cox, Lisa Kudrow, Matthew Perry, Matt Le Blanc, David Schwimmer",English,8.9,10,1994,,,
Friends: Season 1: The One with the Boobies,Comedy,13+,TV Show,22,United States,"Jennifer Aniston, Courtney Cox, Lisa Kudrow, Matthew Perry, Matt Le Blanc, David Schwimmer",English,8.9,10,1994,,,
The Good Bad Mother: Episode 3,Emotional,18+,TV Show,82,South Korea,"Ra Mi-ran, Lee Do-hyun and Ahn Eun-jin.",Korean,8.4,1,2023,,,
The Good Bad Mother: Episode 2,Emotional,18+,TV Show,82,South Korea,"Ra Mi-ran, Lee Do-hyun and Ahn Eun-jin.",Korean,8.4,1,2023,,,
The Good Bad Mother: Episode 1,Emotional,18+,TV Show,82,South Korea,"Ra Mi-ran, Lee Do-hyun and Ahn Eun-jin.",Korean,8.4,1,2023,,,
Business Proposal: Episode 4,Rom-com,13+,TV Show,61,South Korea,"Kim Se-jeong ,Seol In-ah ,Kim Min-kyu , Ahn Hyo-Seop",Korean,8.1,1,2022,,,
Business Proposal: Episode 3,Rom-com,13+,,61,South Korea,"Kim Se-jeong ,Seol In-ah ,Kim Min-kyu , Ahn Hyo-Seop",Korean,8.1,1,2022,,,
Business Proposal: Episode 2,Rom-com,13+,,61,South Korea,"Kim Se-jeong ,Seol In-ah ,Kim Min-kyu , Ahn Hyo-Seop",Korean,8.1,1,2022,,,
Business Proposal: Episode 1,Rom-com,13+,,61,South Korea,"Kim Se-jeong ,Seol In-ah ,Kim Min-kyu , Ahn Hyo-Seop",Korean,8.1,1,2022,,,
Friends: Season 3: The One Where Monica & Richard Are Just Friends,Comedy,13+,,22,United States,"Jennifer Aniston, Courtney Cox, Lisa Kudrow, Matthew Perry, Matt Le Blanc, David Schwimmer",English,8.9,10,1994,,,
Friends: Season 4: The One with Joey's Dirty Day,Comedy,13+,,22,United States,"Jennifer Aniston, Courtney Cox, Lisa Kudrow, Matthew Perry, Matt Le Blanc, David Schwimmer",English,8.9,10,1994,,,
Friends: Season 9: The One with the Memorial Service,Comedy,13+,,22,United States,"Jennifer Aniston, Courtney Cox, Lisa Kudrow, Matthew Perry, Matt Le Blanc, David Schwimmer",English,8.9,10,1994,,,
Friends: Season 9: The One with the Boob Job,Comedy,13+,,22,United States,"Jennifer Aniston, Courtney Cox, Lisa Kudrow, Matthew Perry, Matt Le Blanc, David Schwimmer",English,8.9,10,1994,,,
Friends: Season 6: The One with the Proposal: Part 1,Comedy,13+,,22,United States,"Jennifer Aniston, Courtney Cox, Lisa Kudrow, Matthew Perry, Matt Le Blanc, David Schwimmer",English,8.9,10,1994,,,
Crash Landing on You: Episode 5,Rom-com,13+,,70,South Korea,"Hyun Bin, Son Ye-jin, Seo Ji-hye, Kim Jung-hyun.",Korean,8.7,1,2019,,,
Crash Landing on You: Episode 4,Rom-com,13+,,70,South Korea,"Hyun Bin, Son Ye-jin, Seo Ji-hye, Kim Jung-hyun.",Korean,8.7,1,2019,,,
Crash Landing on You: Episode 3,Rom-com,13+,TV Show,70,South Korea,"Hyun Bin, Son Ye-jin, Seo Ji-hye, Kim Jung-hyun.",Korean,8.7,1,2019,,,
Crash Landing on You: Episode 2,Rom-com,13+,TV Show,70,South Korea,"Hyun Bin, Son Ye-jin, Seo Ji-hye, Kim Jung-hyun.",Korean,8.7,1,2019,,,
Crash Landing on You: Episode 1,Rom-com,13+,TV Show,70,South Korea,"Hyun Bin, Son Ye-jin, Seo Ji-hye, Kim Jung-hyun.",Korean,8.7,1,2019,,,
Guardian: The Lonely and Great God: Episode 1,Drama,16+,TV Show,62,South Korea,"Gong Yoo , Kim Go Eun, Lee Dong Wook , Yoo In Na , Yook Sung Jae",Korean,8.6,,2016,,,
To All the Boys I've Loved Before,Rom-com,13+,Movie,70,United States,Lana Condor · Noah Centineo · Janel Parrish · Anna Cathcart · Andrew Bachelor ,English,7,,2018,,,
Mr. Queen: Episode 7,Comedy,16+,TV Show,70,South Korea,"Shin Hye-Sun , Kim Jung-hyun , Seol In-ah , Kim Tae-woo , Yoo Min-Kyu ",Korean,8.6,1,2020,,,
Mr. Queen: Episode 9,Comedy,16+,TV Show,70,South Korea,"Shin Hye-Sun , Kim Jung-hyun , Seol In-ah , Kim Tae-woo , Yoo Min-Kyu ",Korean,8.6,1,2020,,,
Mr. Queen: Episode 10,Comedy,16+,TV Show,70,South Korea,"Shin Hye-Sun , Kim Jung-hyun , Seol In-ah , Kim Tae-woo , Yoo Min-Kyu ",Korean,8.6,1,2020,,,
Mr. Queen: Episode 1,Comedy,16+,TV Show,70,South Korea,"Shin Hye-Sun , Kim Jung-hyun , Seol In-ah , Kim Tae-woo , Yoo Min-Kyu ",Korean,8.6,1,2020,,,
Youth of May: Episode 4,Slice-of-life,16+,TV Show,60,South Korea,"Lee Do-hyun, Go Min-si, Lee Sang-yi, and Keum Sae-rok.",Korean,8.4,1,2021,,,
Youth of May: Episode 3,Slice-of-life,16+,TV Show,60,South Korea,"Lee Do-hyun, Go Min-si, Lee Sang-yi, and Keum Sae-rok.",Korean,8.4,1,2021,,,
Youth of May: Episode 2,Slice-of-life,16+,TV Show,60,South Korea,"Lee Do-hyun, Go Min-si, Lee Sang-yi, and Keum Sae-rok.",Korean,8.4,1,2021,,,
Youth of May: Episode 1,Slice-of-life,16+,TV Show,60,South Korea,"Lee Do-hyun, Go Min-si, Lee Sang-yi, and Keum Sae-rok.",Korean,8.4,1,2021,,,
Money Heist: Part 5,"Crime, Suspense",18+,Tv show,50,Spain,"Úrsula Corberó , Álvaro Morte ,Itziar Ituño,Pedro Alonso, Miguel Herrán ",Spanish,8.2,5,2017,,,
Money Heist: Part 5,"Crime, Suspense",18+,Tv show,50,Spain,"Úrsula Corberó , Álvaro Morte ,Itziar Ituño,Pedro Alonso, Miguel Herrán ",Spanish,8.2,5,2017,,,
Money Heist: Part 5,"Crime, Suspense",18+,Tv show,50,Spain,"Úrsula Corberó , Álvaro Morte ,Itziar Ituño,Pedro Alonso, Miguel Herrán ",Spanish,8.2,5,2017,,,
Money Heist: Part 5,"Crime, Suspense",18+,Tv show,50,Spain,"Úrsula Corberó , Álvaro Morte ,Itziar Ituño,Pedro Alonso, Miguel Herrán ",Spanish,8.2,5,2017,,,
Money Heist: Part 5,"Crime, Suspense",18+,Tv show,50,Spain,"Úrsula Corberó , Álvaro Morte ,Itziar Ituño,Pedro Alonso, Miguel Herrán ",Spanish,8.2,5,2017,,,
Money Heist: Part 5,"Crime, Suspense",18+,Tv show,50,Spain,"Úrsula Corberó , Álvaro Morte ,Itziar Ituño,Pedro Alonso, Miguel Herrán ",Spanish,8.2,5,2017,,,
Money Heist: Part 5,"Crime, Suspense",18+,Tv show,50,Spain,"Úrsula Corberó , Álvaro Morte ,Itziar Ituño,Pedro Alonso, Miguel Herrán ",Spanish,8.2,5,2017,,,
Money Heist: Part 5,"Crime, Suspense",18+,Tv show,50,Spain,"Úrsula Corberó , Álvaro Morte ,Itziar Ituño,Pedro Alonso, Miguel Herrán ",Spanish,8.2,5,2017,,,
Happiness: Episode 12,Suspense,16+,TV Show,61,South Korea,"Han Hyo-joo , Park Hyung-sik , Jo Woo-jin , Joo-hee Park ,Lee Joon-hyuk ",Korean,7.9,1,2021,,,
Happiness: Epsiode 11,Suspense,16+,TV Show,61,South Korea,"Han Hyo-joo , Park Hyung-sik , Jo Woo-jin , Joo-hee Park ,Lee Joon-hyuk ",Korean,7.9,1,2021,,,
Happiness: Episode 1,Suspense,16+,TV Show,61,South Korea,"Han Hyo-joo , Park Hyung-sik , Jo Woo-jin , Joo-hee Park ,Lee Joon-hyuk ",Korean,7.9,1,2021,,,
Happiness: Episode 10,Suspense,16+,TV Show,61,South Korea,"Han Hyo-joo , Park Hyung-sik , Jo Woo-jin , Joo-hee Park ,Lee Joon-hyuk ",Korean,7.9,1,2021,,,
Tale of the Nine Tailed: Episode 4,Fantasy,13+,TV Show,70,South Korea,"Lee Dong-wook , Kim Bum , Lee Joo-won , Jo Bo-ah,. Park Da-yeon",Korean,7.9,1,2020,,,
"XO, Kitty: Season 1: OTP",Teen-drama,13+,TV Show,25,United States,"Anna Cathcart ,Minyeong Choi ,Gia Kim ,Sang Heon Lee, Anthony Keyvan","English, Korean",6.6,1,2023,,,
"XO, Kitty: Season 1: SNAFU",Teen-drama,13+,TV Show,25,United States,"Anna Cathcart ,Minyeong Choi ,Gia Kim ,Sang Heon Lee, Anthony Keyvan","English, Korean",6.6,1,2023,,,
"XO, Kitty: Season 1: LFG",Teen-drama,13+,TV Show,25,United States,"Anna Cathcart ,Minyeong Choi ,Gia Kim ,Sang Heon Lee, Anthony Keyvan","English, Korean",6.6,1,2023,,,
"XO, Kitty: Season 1: TIL",Teen-drama,13+,TV Show,25,United States,"Anna Cathcart ,Minyeong Choi ,Gia Kim ,Sang Heon Lee, Anthony Keyvan","English, Korean",6.6,1,2023,,,
"XO, Kitty: Season 1: BYOB",Teen-drama,13+,TV Show,25,United States,"Anna Cathcart ,Minyeong Choi ,Gia Kim ,Sang Heon Lee, Anthony Keyvan","English, Korean",6.6,1,2023,,,
"XO, Kitty: Season 1: TBH",Teen-drama,13+,TV Show,25,United States,"Anna Cathcart ,Minyeong Choi ,Gia Kim ,Sang Heon Lee, Anthony Keyvan","English, Korean",6.6,1,2023,,,
"XO, Kitty: Season 1: TGIF",Teen-drama,13+,TV Show,25,United States,"Anna Cathcart ,Minyeong Choi ,Gia Kim ,Sang Heon Lee, Anthony Keyvan","English, Korean",6.6,1,2023,,,
"XO, Kitty: Season 1: KISS",Teen-drama,13+,TV Show,25,United States,"Anna Cathcart ,Minyeong Choi ,Gia Kim ,Sang Heon Lee, Anthony Keyvan","English, Korean",6.6,1,2023,,,
"XO, Kitty: Season 1: WTF",Teen-drama,13+,TV Show,25,United States,"Anna Cathcart ,Minyeong Choi ,Gia Kim ,Sang Heon Lee, Anthony Keyvan","English, Korean",6.6,1,2023,,,
"XO, Kitty: Season 1: XO",Teen-drama,13+,TV Show,25,United States,"Anna Cathcart ,Minyeong Choi ,Gia Kim ,Sang Heon Lee, Anthony Keyvan","English, Korean",6.6,1,2023,,,
Tale of the Nine Tailed: Episode 3,Fantasy,13+,TV Show,70,South Korea,"Lee Dong-wook , Kim Bum , Lee Joo-won , Jo Bo-ah,. Park Da-yeon",Korean,7.9,1,2020,,,
Tale of the Nine Tailed: Episode 2,Fantasy,13+,TV Show,70,South Korea,"Lee Dong-wook , Kim Bum , Lee Joo-won , Jo Bo-ah,. Park Da-yeon",Korean,7.9,1,2020,,,
Tale of the Nine Tailed: Episode 1,Fantasy,13+,TV Show,70,South Korea,"Lee Dong-wook , Kim Bum , Lee Joo-won , Jo Bo-ah,. Park Da-yeon",Korean,7.9,1,2020,,,
Friends: Season 4: The One with Rachel's New Dress,Comedy,13+,TV Show,22,United States,"Jennifer Aniston, Courtney Cox, Lisa Kudrow, Matthew Perry, Matt Le Blanc, David Schwimmer",English,8.9,10,1994,,,
Friends: Season 7: The One Where Rosita Dies,Comedy,13+,TV Show,22,United States,"Jennifer Aniston, Courtney Cox, Lisa Kudrow, Matthew Perry, Matt Le Blanc, David Schwimmer",English,8.9,10,1994,,,
Friends: Season 3: The One with the Hypnosis Tape,Comedy,13+,TV Show,22,United States,"Jennifer Aniston, Courtney Cox, Lisa Kudrow, Matthew Perry, Matt Le Blanc, David Schwimmer",English,8.9,10,1994,,,
What's Wrong with Secretary Kim: Episode 7,Rom-com,16+,TV Show,65,South Korea,"Park Seo-Joon, Park Min-Young, Lee Tae-hwan, Kang Ki-young",Korean,8.1,,2018,,,
Friends: Season 7: The One with the Truth About London,Comedy,13+,TV Show,22,United States,"Jennifer Aniston, Courtney Cox, Lisa Kudrow, Matthew Perry, Matt Le Blanc, David Schwimmer",English,8.9,10,1994,,,
Friends: Season 7: The One with Joey's New Brain,Comedy,13+,TV Show,22,United States,"Jennifer Aniston, Courtney Cox, Lisa Kudrow, Matthew Perry, Matt Le Blanc, David Schwimmer",English,8.9,10,1994,,,
Friends: Season 2: The One with the Prom Video,Comedy,13+,TV Show,22,United States,"Jennifer Aniston, Courtney Cox, Lisa Kudrow, Matthew Perry, Matt Le Blanc, David Schwimmer",English,8.9,10,1994,,,
Friends: Season 2: The One After the Super Bowl: Part 2,Comedy,13+,TV Show,22,United States,"Jennifer Aniston, Courtney Cox, Lisa Kudrow, Matthew Perry, Matt Le Blanc, David Schwimmer",English,8.9,10,1994,,,
Friends: Season 9: The One with Rachel's Phone Number,Comedy,13+,TV Show,22,United States,"Jennifer Aniston, Courtney Cox, Lisa Kudrow, Matthew Perry, Matt Le Blanc, David Schwimmer",English,8.9,10,1994,,,
Friends: Season 9: The One with Rachel's Other Sister,Comedy,13+,TV Show,22,United States,"Jennifer Aniston, Courtney Cox, Lisa Kudrow, Matthew Perry, Matt Le Blanc, David Schwimmer",English,8.9,10,1994,,,
Friends: Season 1: The One with the Fake Monica,Comedy,13+,TV Show,22,United States,"Jennifer Aniston, Courtney Cox, Lisa Kudrow, Matthew Perry, Matt Le Blanc, David Schwimmer",English,8.9,10,1994,,,
Friends: Season 1: The One with the Blackout,Comedy,13+,TV Show,22,United States,"Jennifer Aniston, Courtney Cox, Lisa Kudrow, Matthew Perry, Matt Le Blanc, David Schwimmer",English,8.9,10,1994,,,
Friends: Season 2: The One Where Heckles Dies,Comedy,13+,TV Show,22,United States,"Jennifer Aniston, Courtney Cox, Lisa Kudrow, Matthew Perry, Matt Le Blanc, David Schwimmer",English,8.9,10,1994,,,
Queen Charlotte: A Bridgerton Story: Crown Jewels,Period-piece,18+,TV Show,55,United States,India Amarteifio · Adjoa Andoh · Michelle Fairley · Ruth Gemmell · Corey Mylchreest · Golda Rosheuvel · Arsema Thomas ,English,7.3,3,2023,,,
Queen Charlotte: A Bridgerton Story: Gardens in Bloom,Period-piece,18+,TV Show,55,United States,India Amarteifio · Adjoa Andoh · Michelle Fairley · Ruth Gemmell · Corey Mylchreest · Golda Rosheuvel · Arsema Thomas ,English,7.3,3,2023,,,
Queen Charlotte: A Bridgerton Story: Holding the King,Period-piece,18+,TV Show,55,United States,India Amarteifio · Adjoa Andoh · Michelle Fairley · Ruth Gemmell · Corey Mylchreest · Golda Rosheuvel · Arsema Thomas ,English,7.3,3,2023,,,
Queen Charlotte: A Bridgerton Story: Even Days,Period-piece,18+,TV Show,55,United States,India Amarteifio · Adjoa Andoh · Michelle Fairley · Ruth Gemmell · Corey Mylchreest · Golda Rosheuvel · Arsema Thomas ,English,7.3,3,2023,,,
Queen Charlotte: A Bridgerton Story: Honeymoon Bliss,Period-piece,18+,TV Show,55,United States,India Amarteifio · Adjoa Andoh · Michelle Fairley · Ruth Gemmell · Corey Mylchreest · Golda Rosheuvel · Arsema Thomas ,English,7.3,3,2023,,,
Queen Charlotte: A Bridgerton Story: Queen to Be,Period-piece,18+,TV Show,55,United States,India Amarteifio · Adjoa Andoh · Michelle Fairley · Ruth Gemmell · Corey Mylchreest · Golda Rosheuvel · Arsema Thomas ,English,7.3,3,2023,,,
Fabulous Lives of Bollywood Wives: Season 1: Of Waltzes and Water Bras,Lifestyle,18+,TV Show,32,India,"Neelam Kothari, Maheep Kapoor, Bhavna Pandey and Seema Kiran Sajdeh ",Hindi,5.5,2,2020,,,
Fabulous Lives of Bollywood Wives: Season 1: Of Waltzes and Water Bras,Lifestyle,18+,TV Show,32,India,"Neelam Kothari, Maheep Kapoor, Bhavna Pandey and Seema Kiran Sajdeh ",Hindi,5.5,2,2020,,,
Fabulous Lives of Bollywood Wives: Season 1: Of Waltzes and Water Bras,Lifestyle,18+,TV Show,32,India,"Neelam Kothari, Maheep Kapoor, Bhavna Pandey and Seema Kiran Sajdeh ",Hindi,5.5,2,2020,,,
Fabulous Lives of Bollywood Wives: Season 1: Of Waltzes and Water Bras,Lifestyle,18+,TV Show,32,India,"Neelam Kothari, Maheep Kapoor, Bhavna Pandey and Seema Kiran Sajdeh ",Hindi,5.5,2,2020,,,
Fabulous Lives of Bollywood Wives: Season 1: Of Waltzes and Water Bras,Lifestyle,18+,TV Show,32,India,"Neelam Kothari, Maheep Kapoor, Bhavna Pandey and Seema Kiran Sajdeh ",Hindi,5.5,2,2020,,,
Fabulous Lives of Bollywood Wives: Season 1: Of Waltzes and Water Bras,Lifestyle,18+,TV Show,32,India,"Neelam Kothari, Maheep Kapoor, Bhavna Pandey and Seema Kiran Sajdeh ",Hindi,5.5,2,2020,,,
The Longest Night: Episode 6,Thriller,16+,Tv show,48,Spain,"Alberto Ammann, Luis Callejo ,Bárbara Goenaga , José Luis García-Pérez , Roberto Álamo ",Spanish,5.9,1,2022,,,
The Longest Night: Episode 5,Thriller,16+,Tv show,48,Spain,"Alberto Ammann, Luis Callejo ,Bárbara Goenaga , José Luis García-Pérez , Roberto Álamo ",Spanish,5.9,1,2022,,,
The Longest Night: Episode 4,Thriller,16+,Tv show,48,Spain,"Alberto Ammann, Luis Callejo ,Bárbara Goenaga , José Luis García-Pérez , Roberto Álamo ",Spanish,5.9,1,2022,,,
The Longest Night: Episode 3,Thriller,16+,Tv show,48,Spain,"Alberto Ammann, Luis Callejo ,Bárbara Goenaga , José Luis García-Pérez , Roberto Álamo ",Spanish,5.9,1,2022,,,
The Longest Night: Episode 2,Thriller,16+,Tv show,48,Spain,"Alberto Ammann, Luis Callejo ,Bárbara Goenaga , José Luis García-Pérez , Roberto Álamo ",Spanish,5.9,1,2022,,,
The Longest Night: Episode 1,Thriller,16+,Tv show,48,Spain,"Alberto Ammann, Luis Callejo ,Bárbara Goenaga , José Luis García-Pérez , Roberto Álamo ",Spanish,5.9,1,2022,,,
Trial by Fire: Memorial,"Crime, Emotional",16+,Tv show,45,India,"Abhay Deol, Ashish Vidyarthi, Anupam Kher, Rajshri Deshpande, Rajesh Tailang, Ratna Pathak, Shilpa Shukla",Hindi,7.8,1,2023,,,
Trial by Fire: A.V.U.T.,"Crime, Emotional",16+,Tv show,45,India,"Abhay Deol, Ashish Vidyarthi, Anupam Kher, Rajshri Deshpande, Rajesh Tailang, Ratna Pathak, Shilpa Shukla",Hindi,7.8,1,2023,,,
Trial by Fire: Trial by Fire,"Crime, Emotional",16+,Tv show,45,India,"Abhay Deol, Ashish Vidyarthi, Anupam Kher, Rajshri Deshpande, Rajesh Tailang, Ratna Pathak, Shilpa Shukla",Hindi,7.8,1,2023,,,
Cyber Hell: Exposing an Internet Horror,Documentary,18+,Movie,105,South Korea,Chang Eun-jo · Nicole Gose · Moon Hyung-wook · Cho Ju-bin · Esmée Ko · Yeon-Seo Oh · Kim Wan.',Korean,6.5,,2022,,,
The Night Agent: Eyes Only,Action,16+,TV Show,48,United States,"Gabriel Basso, Luciane Buchanan, Hong Chau, Sarah Desjardins, Fola Evans-Akingbola ",English,7.5,1,2023,,,
The Night Agent: The Zookeeper,Action,16+,TV Show,56,United States,"Gabriel Basso, Luciane Buchanan, Hong Chau, Sarah Desjardins, Fola Evans-Akingbola ",English,7.5,1,2023,,,
The Night Agent: Redial,Action,16+,TV Show,48,United States,"Gabriel Basso, Luciane Buchanan, Hong Chau, Sarah Desjardins, Fola Evans-Akingbola ",English,7.5,1,2023,,,
The Night Agent: The Call,Action,16+,TV Show,55,United States,"Gabriel Basso, Luciane Buchanan, Hong Chau, Sarah Desjardins, Fola Evans-Akingbola ",English,7.5,1,2023,,,
20th Century Girl,Romance,13+,TV Show,121,South Korea,Im Seung-yong · Kim Yoo-jung · Byeon Woo-seok · Park Jung-woo · Roh Yoon-seo · Jo Yeong-jik · Dalpalan.,Korean,7.3,,2022,,,
Never Have I Ever: Season 1: Pilot,Teen-drama,13+,TV Show,25,United States,"Maitreyi Ramakrishnan, Poorna Jagannathan, Darren Barnet, Richa Moorjani, Jaren Lewison",English,7.9,4,2020,,,
True Beauty: Episode 5,Romance,13+,TV Show,45,South Korea,"Cha Eun-Woo, Hwang In- Yeop, Moon Ga-Young, Kang Min-Ah, Park Yoo-Na",Korean,8,,2020,,,
True Beauty: Episode 4,Romance,13+,TV Show,45,South Korea,"Cha Eun-Woo, Hwang In- Yeop, Moon Ga-Young, Kang Min-Ah, Park Yoo-Na",Korean,8,,2020,,,
True Beauty: Episode 3,Romance,13+,TV Show,45,South Korea,"Cha Eun-Woo, Hwang In- Yeop, Moon Ga-Young, Kang Min-Ah, Park Yoo-Na",Korean,8,,2020,,,
True Beauty: Episode 2,Romance,13+,TV Show,45,South Korea,"Cha Eun-Woo, Hwang In- Yeop, Moon Ga-Young, Kang Min-Ah, Park Yoo-Na",Korean,8,,2020,,,
True Beauty: Episode 1,Romance,13+,TV Show,45,South Korea,"Cha Eun-Woo, Hwang In- Yeop, Moon Ga-Young, Kang Min-Ah, Park Yoo-Na",Korean,8,,2020,,,
Friends: Season 6: The One with Joey's Fridge,Comedy,13+,TV Show,22,United States,"Jennifer Aniston, Courtney Cox, Lisa Kudrow, Matthew Perry, Matt Le Blanc, David Schwimmer",English,8.9,10,1994,,,
Friends: Season 1: The One Where Rachel Finds Out,Comedy,13+,TV Show,22,United States,"Jennifer Aniston, Courtney Cox, Lisa Kudrow, Matthew Perry, Matt Le Blanc, David Schwimmer",English,8.9,10,1994,,,
Single's Inferno: Season 2: Episode 5,Reality,13+,TV Show,75,South Korea,"Kim Jin-Young, Shin Seul-Ki, Lee Nadine, Lee So-e, Kim Se-Jun",Korean,7.2,2,2021,,,
Single's Inferno: Season 2: Episode 4,Reality,13+,TV Show,75,South Korea,"Kim Jin-Young, Shin Seul-Ki, Lee Nadine, Lee So-e, Kim Se-Jun",Korean,7.2,2,2021,,,
Single's Inferno: Season 2: Episode 3,Reality,13+,TV Show,75,South Korea,"Kim Jin-Young, Shin Seul-Ki, Lee Nadine, Lee So-e, Kim Se-Jun",Korean,7.2,2,2021,,,
Single's Inferno: Season 2: Episode 2,Reality,13+,TV Show,75,South Korea,"Kim Jin-Young, Shin Seul-Ki, Lee Nadine, Lee So-e, Kim Se-Jun",Korean,7.2,2,2021,,,
Single's Inferno: Season 2: Episode 1,Reality,13+,TV Show,75,South Korea,"Kim Jin-Young, Shin Seul-Ki, Lee Nadine, Lee So-e, Kim Se-Jun",Korean,7.2,2,2021,,,
Friends: Season 4: The One with the Ballroom Dancing,Comedy,13+,TV Show,22,United States,"Jennifer Aniston, Courtney Cox, Lisa Kudrow, Matthew Perry, Matt Le Blanc, David Schwimmer",English,8.9,10,1994,,,
What's Wrong with Secretary Kim: Episode 6,Rom-com,16+,TV Show,65,South Korea,"Park Seo-Joon, Park Min-Young, Lee Tae-hwan, Kang Ki-young",Korean,8.1,1,2018,,,
What's Wrong with Secretary Kim: Episode 5,Rom-com,16+,TV Show,65,South Korea,"Park Seo-Joon, Park Min-Young, Lee Tae-hwan, Kang Ki-young",Korean,8.1,1,2018,,,
What's Wrong with Secretary Kim: Episode 4,Rom-com,16+,TV Show,65,South Korea,"Park Seo-Joon, Park Min-Young, Lee Tae-hwan, Kang Ki-young",Korean,8.1,1,2018,,,
What's Wrong with Secretary Kim: Episode 3,Rom-com,16+,TV Show,65,South Korea,"Park Seo-Joon, Park Min-Young, Lee Tae-hwan, Kang Ki-young",Korean,8.1,1,2018,,,0
What's Wrong with Secretary Kim: Episode 2,Rom-com,16+,TV Show,65,South Korea,"Park Seo-Joon, Park Min-Young, Lee Tae-hwan, Kang Ki-young",Korean,8.1,1,2018,,,
What's Wrong with Secretary Kim: Episode 1,Rom-com,16+,TV Show,65,South Korea,"Park Seo-Joon, Park Min-Young, Lee Tae-hwan, Kang Ki-young",Korean,8.1,1,2018,,,
Emily In Paris: Season 3: Episode 4,Dramedy,16+,TV Show,30,United States,"Lily Collins, Philippine Leroy-Beaulieu, Ashley Park, Lucas Bravo, Samuel Arnold, Bruno Gouery, Camille Razat, William Abadie, and Lucien Laviscount.",English,6.9,3,2020,,,
Emily In Paris: Season 3: Episode 3,Dramedy,16+,TV Show,30,United States,"Lily Collins, Philippine Leroy-Beaulieu, Ashley Park, Lucas Bravo, Samuel Arnold, Bruno Gouery, Camille Razat, William Abadie, and Lucien Laviscount.",English,6.9,3,2020,,,
Emily In Paris: Season 3: Episode 2,Dramedy,16+,TV Show,30,United States,"Lily Collins, Philippine Leroy-Beaulieu, Ashley Park, Lucas Bravo, Samuel Arnold, Bruno Gouery, Camille Razat, William Abadie, and Lucien Laviscount.",English,6.9,3,2020,,,
Emily In Paris: Season 3: Episode 1,Dramedy,16+,TV Show,30,United States,"Lily Collins, Philippine Leroy-Beaulieu, Ashley Park, Lucas Bravo, Samuel Arnold, Bruno Gouery, Camille Razat, William Abadie, and Lucien Laviscount.",English,6.9,3,2020,,,
Tsitp: Season 1: Episode 1,Coming-Of-Life,16+,TV Show,50,United States,"Lola Tung , Christopher Briney , Gavin Casalegno , Sean Kaufman , Jackie Chung ",English,7.4,2,2022,,,
Tsitp: Season 1: Episode 1,Coming-Of-Life,16+,TV Show,50,United States,"Lola Tung , Christopher Briney , Gavin Casalegno , Sean Kaufman , Jackie Chung ",English,7.4,2,2022,,,
Tsitp: Season 1: Episode 1,Coming-Of-Life,16+,TV Show,50,United States,"Lola Tung , Christopher Briney , Gavin Casalegno , Sean Kaufman , Jackie Chung ",English,7.4,2,2022,,,
Tsitp: Season 1: Episode 1,Coming-Of-Life,16+,TV Show,50,United States,"Lola Tung , Christopher Briney , Gavin Casalegno , Sean Kaufman , Jackie Chung ",English,7.4,2,2022,,,
Tsitp: Season 1: Episode 1,Coming-Of-Life,16+,TV Show,50,United States,"Lola Tung , Christopher Briney , Gavin Casalegno , Sean Kaufman , Jackie Chung ",English,7.4,2,2022,,,
Tsitp: Season 1: Episode 1,Coming-Of-Life,16+,TV Show,50,United States,"Lola Tung , Christopher Briney , Gavin Casalegno , Sean Kaufman , Jackie Chung ",English,7.4,2,2022,,,
Red Rose: It's Grim Up North,Dark Drama,18+,TV Show,49,United Kingdom,Amelia Clarkson · Natalie Blair · Ellis Howard · Ali Khan · Ashna Rabheru · Harry Redding · Natalie Gavin · Adam Nagaitis.,English,6.4,,2022,,,
Physical: 100: Season 1: The Pecking Order,Reality,13+,TV Show,54,South Korea,"Jo Jin-hyeong, Park Jin-yong, Kim Min-cheol, Woo Jin-yong, and Jung Hae-min.",Korean,7.7,,2023,,,
Class: Episode 8,Teen-drama,18+,TV Show,58,India,"Zeyn Shaw , Moses Koul , Ratnabali Bhattacharjee , Piyush Khati , Chintan Rachchh.",Hindi,6.2,1,2023,,,
Class: Episode 7,Teen-drama,18+,TV Show,59,India,"Zeyn Shaw , Moses Koul , Ratnabali Bhattacharjee , Piyush Khati , Chintan Rachchh.",Hindi,6.2,1,2023,,,
Class: Episode 6,Teen-drama,18+,TV Show,44,India,"Zeyn Shaw , Moses Koul , Ratnabali Bhattacharjee , Piyush Khati , Chintan Rachchh.",Hindi,6.2,1,2023,,,
Class: Episode 5,Teen-drama,18+,TV Show,49,India,"Zeyn Shaw , Moses Koul , Ratnabali Bhattacharjee , Piyush Khati , Chintan Rachchh.",Hindi,6.2,1,2023,,,
Class: Episode 4,Teen-drama,18+,TV Show,58,India,"Zeyn Shaw , Moses Koul , Ratnabali Bhattacharjee , Piyush Khati , Chintan Rachchh.",Hindi,6.2,1,2023,,,
Class: Episode 3,Teen-drama,18+,TV Show,50,India,"Zeyn Shaw , Moses Koul , Ratnabali Bhattacharjee , Piyush Khati , Chintan Rachchh.",Hindi,6.2,1,2023,,,
Class: Episode 2,Teen-drama,18+,TV Show,49,India,"Zeyn Shaw , Moses Koul , Ratnabali Bhattacharjee , Piyush Khati , Chintan Rachchh.",Hindi,6.2,1,2023,,,
Class: Episode 1,Teen-drama,18+,TV Show,48,India,"Zeyn Shaw , Moses Koul , Ratnabali Bhattacharjee , Piyush Khati , Chintan Rachchh.",Hindi,6.2,1,2023,,,
Alice in Borderland: Season 2: Episode 6,Dark Drama,18+,TV Show,52,Japan,"Kento Yamazaki , Tao Tsuchiya ,Nijirô Murakami, Eleanor Noble · Yuzuha Usagi ; Daniel Rindress-Kay.",Japanese,7.7,1,2020,,,
Alice in Borderland: Season 2: Episode 5,Dark Drama,18+,TV Show,42,Japan,"Kento Yamazaki , Tao Tsuchiya ,Nijirô Murakami, Eleanor Noble · Yuzuha Usagi ; Daniel Rindress-Kay.",Japanese,7.7,1,2020,,,
Fifty Shades of Grey,Romance,18+,Movie,125,United States,Dakota Johnson · Anastasia Steele ; Jamie Dornan · Christian Grey ; Jennifer Ehle · Carla ; Eloise Mumford · Kate ; Victor Rasuk · José.,English,4.2,3,2015,,,
Choose or Die,Thriller,18+,Movie,85,United Kingdom,"Iola Evans ·,Asa Butterfield, Robert Englund , Angela Griffin , Ryan Gage .",English,4.8,,,,,
Doctor G,Drama,13+,Movie,121,India,"Ayushmann Khurrana, Rakul Preet Singh and Shefali Shah.",Hindi,6.7,,2023,,,
Wednesday: Season 1: Wednesday's Child Is Full of Woe,Teen-drama,13+,TV Show,59,United States,"Jenna Ortega , Hunter Doohan , Percy Hynes White,Emma Myers , Joy Sunday ·",English,8.1,1,2022,,,
"Monica, O My Darling",Dramedy,16+,Movie,130,India,"Rajkummar Rao, Huma Qureshi, Radhika Apte, Sikandar Kher",Hindi,7.4,,,,,
All of Us Are Dead: Season 1: Episode 12,Teen-drama,18+,TV Show,70,South Korea,"Park Ji-hu, Yoon Chan-young, Cho Yi-hyun, Lomon, Yoo In-soo, Lee Yoo-mi, Kim Byung-chul, Lee Kyu-hyung, and Jeon Bae-soo.",Korean,7.5,2,2022,,,
All of Us Are Dead: Season 1: Episode 11,Teen-drama,18+,TV Show,75,South Korea,"Park Ji-hu, Yoon Chan-young, Cho Yi-hyun, Lomon, Yoo In-soo, Lee Yoo-mi, Kim Byung-chul, Lee Kyu-hyung, and Jeon Bae-soo.",Korean,7.5,2,2022,,,
All of Us Are Dead: Season 1: Episode 10,Teen-drama,18+,TV Show,80,South Korea,"Park Ji-hu, Yoon Chan-young, Cho Yi-hyun, Lomon, Yoo In-soo, Lee Yoo-mi, Kim Byung-chul, Lee Kyu-hyung, and Jeon Bae-soo.",Korean,7.5,2,2022,,,
All of Us Are Dead: Season 1: Episode 9,Teen-drama,18+,TV Show,76,South Korea,"Park Ji-hu, Yoon Chan-young, Cho Yi-hyun, Lomon, Yoo In-soo, Lee Yoo-mi, Kim Byung-chul, Lee Kyu-hyung, and Jeon Bae-soo.",Korean,7.5,2,2022,,,
All of Us Are Dead: Season 1: Episode 8,Teen-drama,18+,TV Show,76,South Korea,"Park Ji-hu, Yoon Chan-young, Cho Yi-hyun, Lomon, Yoo In-soo, Lee Yoo-mi, Kim Byung-chul, Lee Kyu-hyung, and Jeon Bae-soo.",Korean,7.5,2,2022,,,
All of Us Are Dead: Season 1: Episode 7,Teen-drama,18+,TV Show,76,South Korea,"Park Ji-hu, Yoon Chan-young, Cho Yi-hyun, Lomon, Yoo In-soo, Lee Yoo-mi, Kim Byung-chul, Lee Kyu-hyung, and Jeon Bae-soo.",Korean,7.5,2,2022,,,
All of Us Are Dead: Season 1: Episode 6,Teen-drama,18+,TV Show,76,South Korea,"Park Ji-hu, Yoon Chan-young, Cho Yi-hyun, Lomon, Yoo In-soo, Lee Yoo-mi, Kim Byung-chul, Lee Kyu-hyung, and Jeon Bae-soo.",Korean,7.5,2,2022,,,
All of Us Are Dead: Season 1: Episode 5,Teen-drama,18+,TV Show,76,South Korea,"Park Ji-hu, Yoon Chan-young, Cho Yi-hyun, Lomon, Yoo In-soo, Lee Yoo-mi, Kim Byung-chul, Lee Kyu-hyung, and Jeon Bae-soo.",Korean,7.5,2,2022,,,
All of Us Are Dead: Season 1: Episode 4,Teen-drama,18+,TV Show,76,South Korea,"Park Ji-hu, Yoon Chan-young, Cho Yi-hyun, Lomon, Yoo In-soo, Lee Yoo-mi, Kim Byung-chul, Lee Kyu-hyung, and Jeon Bae-soo.",Korean,7.5,2,2022,,,
All of Us Are Dead: Season 1: Episode 3,Teen-drama,18+,TV Show,76,South Korea,"Park Ji-hu, Yoon Chan-young, Cho Yi-hyun, Lomon, Yoo In-soo, Lee Yoo-mi, Kim Byung-chul, Lee Kyu-hyung, and Jeon Bae-soo.",Korean,7.5,2,2022,,,
All of Us Are Dead: Season 1: Episode 2,Teen-drama,18+,TV Show,76,South Korea,"Park Ji-hu, Yoon Chan-young, Cho Yi-hyun, Lomon, Yoo In-soo, Lee Yoo-mi, Kim Byung-chul, Lee Kyu-hyung, and Jeon Bae-soo.",Korean,7.5,2,2022,,,
All of Us Are Dead: Season 1: Episode 1,Teen-drama,18+,TV Show,76,South Korea,"Park Ji-hu, Yoon Chan-young, Cho Yi-hyun, Lomon, Yoo In-soo, Lee Yoo-mi, Kim Byung-chul, Lee Kyu-hyung, and Jeon Bae-soo.",Korean,7.5,2,2022,,,
Jaadugar,Dramedy,13+,Movie,167,India,"Jitendra Kumar, Arushi Sharma, Jaaved Jaaferi, Manoj Joshi, Rukshar Dhillonmore",Hindi,6.9,1,2022,,,
Interstellar,"Sci-fi, Drama",13+,Movie,170,United States,"Matthew McConaughey , Anne Hathaway , Jessica Chastain,Mackenzie Foy , Ellen Burstyn",English,8.7,1,2014,,,
Lust Stories,Rom-com,18+,Movie,120,India,"Kiara Advani, Vicky Kaushal, Bhumi Padnekar, Radhika Apte",Hindi,7.3,1,2018,,,
HIT: The First Case,Thriller,18+,Movie,141,India,"Rajkummar Rao , Sanya Malhotra, Akhil Iyer , Jatin Goswami ,Shilpa Shukla ",Hindi,6.8,1,2022,,,
Delhi Crime: Season 2: Episode 5,Thriller,18+,TV Show,48,India,Shefali Shah · Rasika Dugal · Rajesh Tailang · Anuraag Arora · Gopal Datt · Sidharth Bhardwaj · Tillotama Shome ,Hindi,8.5,2,2022,,,
Delhi Crime: Season 2: Episode 4,Thriller,18+,TV Show,42,India,Shefali Shah · Rasika Dugal · Rajesh Tailang · Anuraag Arora · Gopal Datt · Sidharth Bhardwaj · Tillotama Shome ,Hindi,8.5,2,2022,,,
